algorithm,percentile of pool members,selection probability
Legacy,0.0,0.0112
Legacy,0.2777777777777778,0.0115
Legacy,0.5555555555555556,0.0156
Legacy,0.8333333333333334,0.0183
Legacy,1.1111111111111112,0.0187
Legacy,1.3888888888888888,0.0192
Legacy,1.6666666666666667,0.0198
Legacy,1.9444444444444444,0.021
Legacy,2.2222222222222223,0.0226
Legacy,2.5,0.0235
Legacy,2.7777777777777777,0.0242
Legacy,3.0555555555555554,0.0285
Legacy,3.3333333333333335,0.0325
Legacy,3.6111111111111107,0.0337
Legacy,3.888888888888889,0.0347
Legacy,4.166666666666666,0.0351
Legacy,4.444444444444445,0.0352
Legacy,4.722222222222222,0.0357
Legacy,5.0,0.0363
Legacy,5.277777777777778,0.0364
Legacy,5.555555555555555,0.0364
Legacy,5.833333333333333,0.0365
Legacy,6.111111111111111,0.0368
Legacy,6.388888888888888,0.0369
Legacy,6.666666666666667,0.0376
Legacy,6.944444444444445,0.0377
Legacy,7.222222222222221,0.0384
Legacy,7.5,0.0384
Legacy,7.777777777777778,0.0384
Legacy,8.055555555555555,0.0386
Legacy,8.333333333333332,0.0396
Legacy,8.61111111111111,0.0397
Legacy,8.88888888888889,0.0398
Legacy,9.166666666666666,0.04
Legacy,9.444444444444445,0.04
Legacy,9.722222222222223,0.04
Legacy,10.0,0.0403
Legacy,10.277777777777777,0.0407
Legacy,10.555555555555555,0.0411
Legacy,10.833333333333334,0.0418
Legacy,11.11111111111111,0.042
Legacy,11.38888888888889,0.0423
Legacy,11.666666666666666,0.0428
Legacy,11.944444444444445,0.0428
Legacy,12.222222222222221,0.0428
Legacy,12.5,0.043
Legacy,12.777777777777777,0.0431
Legacy,13.055555555555557,0.0435
Legacy,13.333333333333334,0.0438
Legacy,13.61111111111111,0.044
Legacy,13.88888888888889,0.0443
Legacy,14.166666666666666,0.0445
Legacy,14.444444444444443,0.0447
Legacy,14.722222222222223,0.0447
Legacy,15.0,0.0448
Legacy,15.277777777777779,0.0449
Legacy,15.555555555555555,0.045
Legacy,15.833333333333332,0.0453
Legacy,16.11111111111111,0.0459
Legacy,16.38888888888889,0.0462
Legacy,16.666666666666664,0.0467
Legacy,16.944444444444446,0.0468
Legacy,17.22222222222222,0.047
Legacy,17.5,0.0473
Legacy,17.77777777777778,0.0474
Legacy,18.055555555555554,0.0478
Legacy,18.333333333333332,0.048
Legacy,18.61111111111111,0.0482
Legacy,18.88888888888889,0.0486
Legacy,19.166666666666668,0.0487
Legacy,19.444444444444446,0.0489
Legacy,19.72222222222222,0.0495
Legacy,20.0,0.0496
Legacy,20.27777777777778,0.0496
Legacy,20.555555555555554,0.0496
Legacy,20.833333333333336,0.0501
Legacy,21.11111111111111,0.0502
Legacy,21.38888888888889,0.0503
Legacy,21.666666666666668,0.0503
Legacy,21.944444444444443,0.0507
Legacy,22.22222222222222,0.0509
Legacy,22.5,0.0513
Legacy,22.77777777777778,0.0514
Legacy,23.055555555555557,0.0517
Legacy,23.333333333333332,0.0519
Legacy,23.61111111111111,0.0521
Legacy,23.88888888888889,0.0523
Legacy,24.166666666666668,0.0523
Legacy,24.444444444444443,0.0531
Legacy,24.72222222222222,0.0535
Legacy,25.0,0.0536
Legacy,25.27777777777778,0.0537
Legacy,25.555555555555554,0.0541
Legacy,25.833333333333336,0.0542
Legacy,26.111111111111114,0.0542
Legacy,26.38888888888889,0.0542
Legacy,26.666666666666668,0.0547
Legacy,26.944444444444443,0.0548
Legacy,27.22222222222222,0.0554
Legacy,27.500000000000004,0.0558
Legacy,27.77777777777778,0.0562
Legacy,28.055555555555557,0.0563
Legacy,28.333333333333332,0.0568
Legacy,28.61111111111111,0.0574
Legacy,28.888888888888886,0.0574
Legacy,29.166666666666668,0.0577
Legacy,29.444444444444446,0.0581
Legacy,29.72222222222222,0.0582
Legacy,30.0,0.0583
Legacy,30.277777777777775,0.0583
Legacy,30.555555555555557,0.0584
Legacy,30.833333333333336,0.0588
Legacy,31.11111111111111,0.0591
Legacy,31.38888888888889,0.0596
Legacy,31.666666666666664,0.0598
Legacy,31.944444444444443,0.0598
Legacy,32.22222222222222,0.0598
Legacy,32.5,0.0601
Legacy,32.77777777777778,0.0605
Legacy,33.05555555555556,0.0609
Legacy,33.33333333333333,0.0611
Legacy,33.611111111111114,0.0611
Legacy,33.88888888888889,0.0619
Legacy,34.166666666666664,0.0622
Legacy,34.44444444444444,0.0623
Legacy,34.72222222222222,0.0625
Legacy,35.0,0.0626
Legacy,35.27777777777778,0.0626
Legacy,35.55555555555556,0.0632
Legacy,35.833333333333336,0.0636
Legacy,36.11111111111111,0.0643
Legacy,36.388888888888886,0.0645
Legacy,36.666666666666664,0.0646
Legacy,36.94444444444444,0.0648
Legacy,37.22222222222222,0.065
Legacy,37.5,0.0652
Legacy,37.77777777777778,0.0659
Legacy,38.05555555555556,0.0662
Legacy,38.333333333333336,0.0663
Legacy,38.611111111111114,0.0664
Legacy,38.88888888888889,0.0667
Legacy,39.166666666666664,0.0674
Legacy,39.44444444444444,0.0675
Legacy,39.72222222222222,0.0678
Legacy,40.0,0.068
Legacy,40.27777777777778,0.0682
Legacy,40.55555555555556,0.0682
Legacy,40.833333333333336,0.0684
Legacy,41.11111111111111,0.0688
Legacy,41.388888888888886,0.0688
Legacy,41.66666666666667,0.0698
Legacy,41.94444444444444,0.0702
Legacy,42.22222222222222,0.0708
Legacy,42.5,0.0711
Legacy,42.77777777777778,0.0721
Legacy,43.05555555555556,0.0722
Legacy,43.333333333333336,0.0728
Legacy,43.611111111111114,0.0733
Legacy,43.888888888888886,0.0733
Legacy,44.166666666666664,0.0733
Legacy,44.44444444444444,0.0734
Legacy,44.72222222222222,0.0736
Legacy,45.0,0.0739
Legacy,45.27777777777778,0.0744
Legacy,45.55555555555556,0.0749
Legacy,45.83333333333333,0.0758
Legacy,46.111111111111114,0.0759
Legacy,46.38888888888889,0.0761
Legacy,46.666666666666664,0.0772
Legacy,46.94444444444444,0.0774
Legacy,47.22222222222222,0.0774
Legacy,47.5,0.0775
Legacy,47.77777777777778,0.0775
Legacy,48.05555555555556,0.0776
Legacy,48.333333333333336,0.078
Legacy,48.61111111111111,0.0782
Legacy,48.888888888888886,0.0782
Legacy,49.166666666666664,0.0793
Legacy,49.44444444444444,0.0794
Legacy,49.72222222222222,0.0795
Legacy,50.0,0.0797
Legacy,50.27777777777778,0.0797
Legacy,50.55555555555556,0.0798
Legacy,50.83333333333333,0.0798
Legacy,51.11111111111111,0.08
Legacy,51.388888888888886,0.0803
Legacy,51.66666666666667,0.0809
Legacy,51.94444444444445,0.0813
Legacy,52.22222222222223,0.0813
Legacy,52.5,0.0814
Legacy,52.77777777777778,0.0815
Legacy,53.05555555555556,0.0819
Legacy,53.333333333333336,0.0821
Legacy,53.61111111111111,0.0825
Legacy,53.888888888888886,0.0826
Legacy,54.166666666666664,0.0827
Legacy,54.44444444444444,0.0829
Legacy,54.72222222222223,0.0834
Legacy,55.00000000000001,0.0842
Legacy,55.27777777777778,0.0846
Legacy,55.55555555555556,0.0848
Legacy,55.833333333333336,0.0848
Legacy,56.111111111111114,0.0852
Legacy,56.388888888888886,0.0854
Legacy,56.666666666666664,0.0855
Legacy,56.94444444444444,0.0855
Legacy,57.22222222222222,0.0855
Legacy,57.49999999999999,0.0857
Legacy,57.77777777777777,0.0859
Legacy,58.05555555555556,0.086
Legacy,58.333333333333336,0.0861
Legacy,58.611111111111114,0.0863
Legacy,58.88888888888889,0.0865
Legacy,59.166666666666664,0.0865
Legacy,59.44444444444444,0.0867
Legacy,59.72222222222222,0.087
Legacy,60.0,0.0871
Legacy,60.27777777777777,0.0871
Legacy,60.55555555555555,0.0875
Legacy,60.83333333333333,0.0876
Legacy,61.111111111111114,0.0877
Legacy,61.38888888888889,0.0877
Legacy,61.66666666666667,0.0877
Legacy,61.94444444444444,0.0886
Legacy,62.22222222222222,0.0888
Legacy,62.5,0.0892
Legacy,62.77777777777778,0.0896
Legacy,63.05555555555556,0.0902
Legacy,63.33333333333333,0.0906
Legacy,63.61111111111111,0.0906
Legacy,63.888888888888886,0.0908
Legacy,64.16666666666667,0.0908
Legacy,64.44444444444444,0.091
Legacy,64.72222222222223,0.0911
Legacy,65.0,0.0914
Legacy,65.27777777777779,0.0916
Legacy,65.55555555555556,0.0918
Legacy,65.83333333333333,0.0918
Legacy,66.11111111111111,0.0925
Legacy,66.38888888888889,0.0931
Legacy,66.66666666666666,0.0934
Legacy,66.94444444444444,0.0941
Legacy,67.22222222222223,0.0955
Legacy,67.5,0.0962
Legacy,67.77777777777779,0.0962
Legacy,68.05555555555556,0.0962
Legacy,68.33333333333333,0.0967
Legacy,68.61111111111111,0.0972
Legacy,68.88888888888889,0.0975
Legacy,69.16666666666667,0.0977
Legacy,69.44444444444444,0.0983
Legacy,69.72222222222221,0.0986
Legacy,70.0,0.0989
Legacy,70.27777777777777,0.0991
Legacy,70.55555555555556,0.1001
Legacy,70.83333333333334,0.1016
Legacy,71.11111111111111,0.1018
Legacy,71.38888888888889,0.1023
Legacy,71.66666666666667,0.1024
Legacy,71.94444444444444,0.1026
Legacy,72.22222222222221,0.103
Legacy,72.5,0.1042
Legacy,72.77777777777777,0.1044
Legacy,73.05555555555556,0.1045
Legacy,73.33333333333333,0.1048
Legacy,73.61111111111111,0.1055
Legacy,73.88888888888889,0.1057
Legacy,74.16666666666667,0.106
Legacy,74.44444444444444,0.1068
Legacy,74.72222222222223,0.107
Legacy,75.0,0.1083
Legacy,75.27777777777777,0.1088
Legacy,75.55555555555556,0.1103
Legacy,75.83333333333333,0.1103
Legacy,76.11111111111111,0.1107
Legacy,76.38888888888889,0.1117
Legacy,76.66666666666667,0.1118
Legacy,76.94444444444444,0.1118
Legacy,77.22222222222223,0.1124
Legacy,77.5,0.1126
Legacy,77.77777777777779,0.1131
Legacy,78.05555555555556,0.1133
Legacy,78.33333333333333,0.1133
Legacy,78.61111111111111,0.1139
Legacy,78.88888888888889,0.1142
Legacy,79.16666666666666,0.1143
Legacy,79.44444444444444,0.1154
Legacy,79.72222222222223,0.1159
Legacy,80.0,0.1162
Legacy,80.27777777777779,0.1165
Legacy,80.55555555555556,0.1166
Legacy,80.83333333333333,0.1167
Legacy,81.11111111111111,0.117
Legacy,81.38888888888889,0.1174
Legacy,81.66666666666667,0.1177
Legacy,81.94444444444444,0.118
Legacy,82.22222222222221,0.1193
Legacy,82.5,0.1197
Legacy,82.77777777777777,0.12
Legacy,83.05555555555556,0.1211
Legacy,83.33333333333334,0.1214
Legacy,83.61111111111111,0.1214
Legacy,83.88888888888889,0.1217
Legacy,84.16666666666667,0.1222
Legacy,84.44444444444444,0.1225
Legacy,84.72222222222221,0.1225
Legacy,85.0,0.1251
Legacy,85.27777777777777,0.1259
Legacy,85.55555555555556,0.1263
Legacy,85.83333333333333,0.1271
Legacy,86.11111111111111,0.1271
Legacy,86.38888888888889,0.1272
Legacy,86.66666666666667,0.1277
Legacy,86.94444444444444,0.128
Legacy,87.22222222222223,0.1284
Legacy,87.5,0.1292
Legacy,87.77777777777777,0.1306
Legacy,88.05555555555556,0.1307
Legacy,88.33333333333333,0.1313
Legacy,88.61111111111111,0.1347
Legacy,88.88888888888889,0.1349
Legacy,89.16666666666667,0.1367
Legacy,89.44444444444444,0.1371
Legacy,89.72222222222223,0.1372
Legacy,90.0,0.1375
Legacy,90.27777777777779,0.1378
Legacy,90.55555555555556,0.1378
Legacy,90.83333333333333,0.1383
Legacy,91.11111111111111,0.1385
Legacy,91.38888888888889,0.139
Legacy,91.66666666666666,0.1393
Legacy,91.94444444444444,0.1403
Legacy,92.22222222222223,0.1411
Legacy,92.5,0.1418
Legacy,92.77777777777779,0.1426
Legacy,93.05555555555556,0.1428
Legacy,93.33333333333333,0.1429
Legacy,93.61111111111111,0.1432
Legacy,93.88888888888889,0.1451
Legacy,94.16666666666667,0.149
Legacy,94.44444444444444,0.1523
Legacy,94.72222222222221,0.1525
Legacy,95.0,0.1536
Legacy,95.27777777777777,0.1553
Legacy,95.55555555555556,0.1581
Legacy,95.83333333333334,0.1587
Legacy,96.11111111111111,0.1588
Legacy,96.38888888888889,0.1616
Legacy,96.66666666666667,0.1656
Legacy,96.94444444444444,0.1669
Legacy,97.22222222222221,0.1687
Legacy,97.5,0.1708
Legacy,97.77777777777777,0.1732
Legacy,98.05555555555556,0.1777
Legacy,98.33333333333333,0.1832
Legacy,98.61111111111111,0.1848
Legacy,98.88888888888889,0.1884
Legacy,99.16666666666667,0.2012
Legacy,99.44444444444444,0.2099
Legacy,99.72222222222223,0.2113
LexiMin,0.0,0.06532644492458058
LexiMin,0.2777777777777778,0.06532646110544583
LexiMin,0.5555555555555556,0.06532654362259938
LexiMin,0.8333333333333334,0.06532663506296359
LexiMin,1.1111111111111112,0.06532663506296374
LexiMin,1.3888888888888888,0.06532663506296375
LexiMin,1.6666666666666667,0.06532663506296381
LexiMin,1.9444444444444444,0.06532663506296382
LexiMin,2.2222222222222223,0.06532663506296388
LexiMin,2.5,0.06532663506296389
LexiMin,2.7777777777777777,0.06532663506296392
LexiMin,3.0555555555555554,0.06532663506296395
LexiMin,3.3333333333333335,0.06532663506296396
LexiMin,3.6111111111111107,0.06532663506296399
LexiMin,3.888888888888889,0.06532663506296411
LexiMin,4.166666666666666,0.06532663506296411
LexiMin,4.444444444444445,0.06532663506296414
LexiMin,4.722222222222222,0.06532663506296416
LexiMin,5.0,0.06532663506296416
LexiMin,5.277777777777778,0.06532663506296417
LexiMin,5.555555555555555,0.06532663506296418
LexiMin,5.833333333333333,0.0653266350629642
LexiMin,6.111111111111111,0.06532663506296421
LexiMin,6.388888888888888,0.06532663506296425
LexiMin,6.666666666666667,0.06532663506296427
LexiMin,6.944444444444445,0.06532663506296427
LexiMin,7.222222222222221,0.06532663506296427
LexiMin,7.5,0.06532663506296428
LexiMin,7.777777777777778,0.0653266350629643
LexiMin,8.055555555555555,0.0653266350629643
LexiMin,8.333333333333332,0.06532663506296431
LexiMin,8.61111111111111,0.06532663506296432
LexiMin,8.88888888888889,0.06532663506296435
LexiMin,9.166666666666666,0.06532663506296436
LexiMin,9.444444444444445,0.06532663506296436
LexiMin,9.722222222222223,0.06532663506296438
LexiMin,10.0,0.06532663506296439
LexiMin,10.277777777777777,0.0653266350629644
LexiMin,10.555555555555555,0.0653266350629644
LexiMin,10.833333333333334,0.0653266350629644
LexiMin,11.11111111111111,0.0653266350629644
LexiMin,11.38888888888889,0.06532663506296442
LexiMin,11.666666666666666,0.06532663506296442
LexiMin,11.944444444444445,0.06532663506296443
LexiMin,12.222222222222221,0.06532663506296446
LexiMin,12.5,0.06532663506296447
LexiMin,12.777777777777777,0.06532663506296447
LexiMin,13.055555555555557,0.06532663506296449
LexiMin,13.333333333333334,0.06532663506296449
LexiMin,13.61111111111111,0.06532663506296449
LexiMin,13.88888888888889,0.0653266350629645
LexiMin,14.166666666666666,0.0653266350629645
LexiMin,14.444444444444443,0.0653266350629645
LexiMin,14.722222222222223,0.0653266350629645
LexiMin,15.0,0.0653266350629645
LexiMin,15.277777777777779,0.06532663506296452
LexiMin,15.555555555555555,0.06532663506296453
LexiMin,15.833333333333332,0.06532663506296453
LexiMin,16.11111111111111,0.06532663506296454
LexiMin,16.38888888888889,0.06532663506296454
LexiMin,16.666666666666664,0.06532663506296454
LexiMin,16.944444444444446,0.06532663506296456
LexiMin,17.22222222222222,0.06532663506296456
LexiMin,17.5,0.06532663506296456
LexiMin,17.77777777777778,0.06532663506296456
LexiMin,18.055555555555554,0.06532663506296456
LexiMin,18.333333333333332,0.06532663506296456
LexiMin,18.61111111111111,0.06532663506296456
LexiMin,18.88888888888889,0.06532663506296456
LexiMin,19.166666666666668,0.06532663506296456
LexiMin,19.444444444444446,0.06532663506296456
LexiMin,19.72222222222222,0.06532663506296456
LexiMin,20.0,0.06532663506296456
LexiMin,20.27777777777778,0.06532663506296456
LexiMin,20.555555555555554,0.06532663506296457
LexiMin,20.833333333333336,0.06532663506296457
LexiMin,21.11111111111111,0.06532663506296457
LexiMin,21.38888888888889,0.06532663506296457
LexiMin,21.666666666666668,0.06532663506296457
LexiMin,21.944444444444443,0.06532663506296457
LexiMin,22.22222222222222,0.06532663506296457
LexiMin,22.5,0.06532663506296457
LexiMin,22.77777777777778,0.06532663506296457
LexiMin,23.055555555555557,0.06532663506296457
LexiMin,23.333333333333332,0.06532663506296457
LexiMin,23.61111111111111,0.06532663506296457
LexiMin,23.88888888888889,0.06532663506296457
LexiMin,24.166666666666668,0.06532663506296457
LexiMin,24.444444444444443,0.06532663506296457
LexiMin,24.72222222222222,0.06532663506296457
LexiMin,25.0,0.06532663506296457
LexiMin,25.27777777777778,0.06532663506296457
LexiMin,25.555555555555554,0.06532663506296457
LexiMin,25.833333333333336,0.06532663506296457
LexiMin,26.111111111111114,0.06532663506296457
LexiMin,26.38888888888889,0.06532663506296457
LexiMin,26.666666666666668,0.06532663506296457
LexiMin,26.944444444444443,0.06532663506296457
LexiMin,27.22222222222222,0.06532663506296457
LexiMin,27.500000000000004,0.06532663506296459
LexiMin,27.77777777777778,0.06532663506296459
LexiMin,28.055555555555557,0.06532663506296459
LexiMin,28.333333333333332,0.06532663506296459
LexiMin,28.61111111111111,0.06532663506296459
LexiMin,28.888888888888886,0.06532663506296459
LexiMin,29.166666666666668,0.06532663506296459
LexiMin,29.444444444444446,0.06532663506296459
LexiMin,29.72222222222222,0.06532663506296459
LexiMin,30.0,0.06532663506296459
LexiMin,30.277777777777775,0.0653266350629646
LexiMin,30.555555555555557,0.0653266350629646
LexiMin,30.833333333333336,0.0653266350629646
LexiMin,31.11111111111111,0.0653266350629646
LexiMin,31.38888888888889,0.0653266350629646
LexiMin,31.666666666666664,0.06532663506296461
LexiMin,31.944444444444443,0.06532663506296461
LexiMin,32.22222222222222,0.06532663506296463
LexiMin,32.5,0.06532663506296463
LexiMin,32.77777777777778,0.06532663506296464
LexiMin,33.05555555555556,0.06532663506296464
LexiMin,33.33333333333333,0.06532663506296466
LexiMin,33.611111111111114,0.06532663506296466
LexiMin,33.88888888888889,0.06532663506296467
LexiMin,34.166666666666664,0.06532663506296467
LexiMin,34.44444444444444,0.06532663506296468
LexiMin,34.72222222222222,0.06532663506296468
LexiMin,35.0,0.0653266350629647
LexiMin,35.27777777777778,0.0653266350629647
LexiMin,35.55555555555556,0.0653266350629647
LexiMin,35.833333333333336,0.0653266350629647
LexiMin,36.11111111111111,0.06532663506296471
LexiMin,36.388888888888886,0.06532663506296471
LexiMin,36.666666666666664,0.06532663506296471
LexiMin,36.94444444444444,0.06532663506296472
LexiMin,37.22222222222222,0.06532663506296472
LexiMin,37.5,0.06532663506296472
LexiMin,37.77777777777778,0.06532663506296474
LexiMin,38.05555555555556,0.06532663506296475
LexiMin,38.333333333333336,0.06532663506296475
LexiMin,38.611111111111114,0.06532663506296478
LexiMin,38.88888888888889,0.06532663506296478
LexiMin,39.166666666666664,0.0653266350629648
LexiMin,39.44444444444444,0.0653266350629648
LexiMin,39.72222222222222,0.0653266350629648
LexiMin,40.0,0.0653266350629648
LexiMin,40.27777777777778,0.06532663506296481
LexiMin,40.55555555555556,0.06532663506296482
LexiMin,40.833333333333336,0.06532663506296482
LexiMin,41.11111111111111,0.06532663506296482
LexiMin,41.388888888888886,0.06532663506296484
LexiMin,41.66666666666667,0.06532663506296485
LexiMin,41.94444444444444,0.06532663506296485
LexiMin,42.22222222222222,0.06532663506296485
LexiMin,42.5,0.06532663506296486
LexiMin,42.77777777777778,0.06532663506296486
LexiMin,43.05555555555556,0.06532663506296489
LexiMin,43.333333333333336,0.06532663506296492
LexiMin,43.611111111111114,0.06532663506296492
LexiMin,43.888888888888886,0.06532663506296492
LexiMin,44.166666666666664,0.06532663506296493
LexiMin,44.44444444444444,0.06532663506296493
LexiMin,44.72222222222222,0.06532663506296493
LexiMin,45.0,0.06532663506296496
LexiMin,45.27777777777778,0.06532663506296496
LexiMin,45.55555555555556,0.06532663506296497
LexiMin,45.83333333333333,0.06532663506296499
LexiMin,46.111111111111114,0.06532663506296499
LexiMin,46.38888888888889,0.06532663506296499
LexiMin,46.666666666666664,0.065326635062965
LexiMin,46.94444444444444,0.065326635062965
LexiMin,47.22222222222222,0.06532663506296502
LexiMin,47.5,0.06532663506296503
LexiMin,47.77777777777778,0.06532663506296506
LexiMin,48.05555555555556,0.06532663506296506
LexiMin,48.333333333333336,0.06532663506296507
LexiMin,48.61111111111111,0.06532663506296507
LexiMin,48.888888888888886,0.06532663506296507
LexiMin,49.166666666666664,0.06532663506296509
LexiMin,49.44444444444444,0.06532663506296509
LexiMin,49.72222222222222,0.06532663506296509
LexiMin,50.0,0.06532663506296511
LexiMin,50.27777777777778,0.06532663506296511
LexiMin,50.55555555555556,0.06532663506296514
LexiMin,50.83333333333333,0.06532663506296517
LexiMin,51.11111111111111,0.06532663506296517
LexiMin,51.388888888888886,0.0653266350629652
LexiMin,51.66666666666667,0.06532663506296521
LexiMin,51.94444444444445,0.06532663506296521
LexiMin,52.22222222222223,0.06532663506296524
LexiMin,52.5,0.06532663506296528
LexiMin,52.77777777777778,0.06532663506296528
LexiMin,53.05555555555556,0.0653266350629653
LexiMin,53.333333333333336,0.0653266350629653
LexiMin,53.61111111111111,0.06532663506296532
LexiMin,53.888888888888886,0.06532663506296538
LexiMin,54.166666666666664,0.06532663506296552
LexiMin,54.44444444444444,0.06532663506296559
LexiMin,54.72222222222223,0.06532663506296564
LexiMin,55.00000000000001,0.06532671306927047
LexiMin,55.27777777777778,0.06721699485492938
LexiMin,55.55555555555556,0.06721699485493018
LexiMin,55.833333333333336,0.0672169948549302
LexiMin,56.111111111111114,0.0672169948549302
LexiMin,56.388888888888886,0.06721699485493025
LexiMin,56.666666666666664,0.06721699485493043
LexiMin,56.94444444444444,0.06721699485493048
LexiMin,57.22222222222222,0.06721699485493049
LexiMin,57.49999999999999,0.0672169948549306
LexiMin,57.77777777777777,0.06721699485493063
LexiMin,58.05555555555556,0.06721699485493067
LexiMin,58.333333333333336,0.06721699485493067
LexiMin,58.611111111111114,0.06721699485493073
LexiMin,58.88888888888889,0.06721699485493078
LexiMin,59.166666666666664,0.0672169948549308
LexiMin,59.44444444444444,0.06721699485493081
LexiMin,59.72222222222222,0.06721699485493081
LexiMin,60.0,0.06721699485493086
LexiMin,60.27777777777777,0.06721699485493089
LexiMin,60.55555555555555,0.0672169948549309
LexiMin,60.83333333333333,0.06721699485493092
LexiMin,61.111111111111114,0.06721699485493092
LexiMin,61.38888888888889,0.06721699485493092
LexiMin,61.66666666666667,0.06721699485493092
LexiMin,61.94444444444444,0.06721699485493092
LexiMin,62.22222222222222,0.06721699485493092
LexiMin,62.5,0.06721699485493093
LexiMin,62.77777777777778,0.06721699485493093
LexiMin,63.05555555555556,0.06721699485493093
LexiMin,63.33333333333333,0.06721699485493093
LexiMin,63.61111111111111,0.06721699485493095
LexiMin,63.888888888888886,0.06721699485493095
LexiMin,64.16666666666667,0.06721699485493102
LexiMin,64.44444444444444,0.06721699485493102
LexiMin,64.72222222222223,0.0672169948549311
LexiMin,65.0,0.06721699485493113
LexiMin,65.27777777777779,0.06721699485493116
LexiMin,65.55555555555556,0.06721699485493116
LexiMin,65.83333333333333,0.06721699485493117
LexiMin,66.11111111111111,0.06721699485493118
LexiMin,66.38888888888889,0.06721699485493121
LexiMin,66.66666666666666,0.06721699485493127
LexiMin,66.94444444444444,0.06721699485493128
LexiMin,67.22222222222223,0.0672169948549313
LexiMin,67.5,0.06721699485493132
LexiMin,67.77777777777779,0.06721699485493136
LexiMin,68.05555555555556,0.0672169948549314
LexiMin,68.33333333333333,0.06721699485493147
LexiMin,68.61111111111111,0.06721699485493149
LexiMin,68.88888888888889,0.06721699485493157
LexiMin,69.16666666666667,0.06721699485493157
LexiMin,69.44444444444444,0.0672169948549316
LexiMin,69.72222222222221,0.06721699485493161
LexiMin,70.0,0.06721699485493163
LexiMin,70.27777777777777,0.06721699485493174
LexiMin,70.55555555555556,0.0672169948549318
LexiMin,70.83333333333334,0.06721699485493186
LexiMin,71.11111111111111,0.06721699485493192
LexiMin,71.38888888888889,0.06721699485493206
LexiMin,71.66666666666667,0.06721778385782265
LexiMin,71.94444444444444,0.06735630409698944
LexiMin,72.22222222222221,0.06735630409698995
LexiMin,72.5,0.06735630409698996
LexiMin,72.77777777777777,0.06735630409699003
LexiMin,73.05555555555556,0.06735630409699006
LexiMin,73.33333333333333,0.06735630409699009
LexiMin,73.61111111111111,0.06735630409699012
LexiMin,73.88888888888889,0.0673563040969902
LexiMin,74.16666666666667,0.0673563040969902
LexiMin,74.44444444444444,0.06735630409699023
LexiMin,74.72222222222223,0.06735630409699025
LexiMin,75.0,0.06735630409699028
LexiMin,75.27777777777777,0.06735630409699032
LexiMin,75.55555555555556,0.06735630409699032
LexiMin,75.83333333333333,0.06735630409699032
LexiMin,76.11111111111111,0.06735630409699034
LexiMin,76.38888888888889,0.06735630409699034
LexiMin,76.66666666666667,0.06735630409699034
LexiMin,76.94444444444444,0.06735630409699034
LexiMin,77.22222222222223,0.06735630409699034
LexiMin,77.5,0.06735630409699035
LexiMin,77.77777777777779,0.06735630409699037
LexiMin,78.05555555555556,0.06735630409699038
LexiMin,78.33333333333333,0.06735630409699042
LexiMin,78.61111111111111,0.06735630409699049
LexiMin,78.88888888888889,0.06735630409699053
LexiMin,79.16666666666666,0.06735630409699059
LexiMin,79.44444444444444,0.06735630409699066
LexiMin,79.72222222222223,0.06735630409699066
LexiMin,80.0,0.06735630409699066
LexiMin,80.27777777777779,0.06735630409699067
LexiMin,80.55555555555556,0.06735630409699106
LexiMin,80.83333333333333,0.06735630409699118
LexiMin,81.11111111111111,0.06735985119138391
LexiMin,81.38888888888889,0.06748215537678626
LexiMin,81.66666666666667,0.06875038312462062
LexiMin,81.94444444444444,0.06875038312462084
LexiMin,82.22222222222221,0.06875038312462087
LexiMin,82.5,0.06875038312462088
LexiMin,82.77777777777777,0.06875038312462088
LexiMin,83.05555555555556,0.06875038312462166
LexiMin,83.33333333333334,0.06875107048396349
LexiMin,83.61111111111111,0.08430320917502962
LexiMin,83.88888888888889,0.08430328585407418
LexiMin,84.16666666666667,0.08430328585407451
LexiMin,84.44444444444444,0.08430328585407453
LexiMin,84.72222222222221,0.08430328585407455
LexiMin,85.0,0.08430328585407457
LexiMin,85.27777777777777,0.0843032858540746
LexiMin,85.55555555555556,0.08430328585407462
LexiMin,85.83333333333333,0.08430328585407462
LexiMin,86.11111111111111,0.08430328585407464
LexiMin,86.38888888888889,0.08430328585407475
LexiMin,86.66666666666667,0.08430328585407479
LexiMin,86.94444444444444,0.08430328585407484
LexiMin,87.22222222222223,0.08430328585407502
LexiMin,87.5,0.08430328585407516
LexiMin,87.77777777777777,0.08430328585407534
LexiMin,88.05555555555556,0.08430328585407555
LexiMin,88.33333333333333,0.08430358038239563
LexiMin,88.61111111111111,0.0843048928788797
LexiMin,88.88888888888889,0.10792768577867332
LexiMin,89.16666666666667,0.1079276857786736
LexiMin,89.44444444444444,0.10792768577867366
LexiMin,89.72222222222223,0.10792768577867372
LexiMin,90.0,0.10792768577867377
LexiMin,90.27777777777779,0.10792768577867377
LexiMin,90.55555555555556,0.1079276857786738
LexiMin,90.83333333333333,0.10792768577867382
LexiMin,91.11111111111111,0.10792768577867388
LexiMin,91.38888888888889,0.10792768577867395
LexiMin,91.66666666666666,0.10792768577867395
LexiMin,91.94444444444444,0.10792768577867409
LexiMin,92.22222222222223,0.10792768577867419
LexiMin,92.5,0.10792768577867423
LexiMin,92.77777777777779,0.10792768577867463
LexiMin,93.05555555555556,0.1079276857786748
LexiMin,93.33333333333333,0.10792841128645736
LexiMin,93.61111111111111,0.10793052300604948
LexiMin,93.88888888888889,0.108828758495093
LexiMin,94.16666666666667,0.10882875849509317
LexiMin,94.44444444444444,0.10882875849509323
LexiMin,94.72222222222221,0.10882875849509328
LexiMin,95.0,0.1088287584950934
LexiMin,95.27777777777777,0.10882875849509367
LexiMin,95.55555555555556,0.1088296550020141
LexiMin,95.83333333333334,0.1596280877198797
LexiMin,96.11111111111111,0.15962808771988082
LexiMin,96.38888888888889,0.17643695787646166
LexiMin,96.66666666666667,0.19772918909135492
LexiMin,96.94444444444444,0.25311837712556684
LexiMin,97.22222222222221,0.2531195565416333
LexiMin,97.5,0.2666762989417312
LexiMin,97.77777777777777,0.28659979563307847
LexiMin,98.05555555555556,0.36699430109505404
LexiMin,98.33333333333333,0.5014352696887975
LexiMin,98.61111111111111,0.5198223027601221
LexiMin,98.88888888888889,0.5276933183090216
LexiMin,99.16666666666667,0.5645362175758187
LexiMin,99.44444444444444,0.5884399797969402
LexiMin,99.72222222222223,1.0
k/n,0.0,0.08333333333333333
k/n,0.2777777777777778,0.08333333333333333
k/n,0.5555555555555556,0.08333333333333333
k/n,0.8333333333333334,0.08333333333333333
k/n,1.1111111111111112,0.08333333333333333
k/n,1.3888888888888888,0.08333333333333333
k/n,1.6666666666666667,0.08333333333333333
k/n,1.9444444444444444,0.08333333333333333
k/n,2.2222222222222223,0.08333333333333333
k/n,2.5,0.08333333333333333
k/n,2.7777777777777777,0.08333333333333333
k/n,3.0555555555555554,0.08333333333333333
k/n,3.3333333333333335,0.08333333333333333
k/n,3.6111111111111107,0.08333333333333333
k/n,3.888888888888889,0.08333333333333333
k/n,4.166666666666666,0.08333333333333333
k/n,4.444444444444445,0.08333333333333333
k/n,4.722222222222222,0.08333333333333333
k/n,5.0,0.08333333333333333
k/n,5.277777777777778,0.08333333333333333
k/n,5.555555555555555,0.08333333333333333
k/n,5.833333333333333,0.08333333333333333
k/n,6.111111111111111,0.08333333333333333
k/n,6.388888888888888,0.08333333333333333
k/n,6.666666666666667,0.08333333333333333
k/n,6.944444444444445,0.08333333333333333
k/n,7.222222222222221,0.08333333333333333
k/n,7.5,0.08333333333333333
k/n,7.777777777777778,0.08333333333333333
k/n,8.055555555555555,0.08333333333333333
k/n,8.333333333333332,0.08333333333333333
k/n,8.61111111111111,0.08333333333333333
k/n,8.88888888888889,0.08333333333333333
k/n,9.166666666666666,0.08333333333333333
k/n,9.444444444444445,0.08333333333333333
k/n,9.722222222222223,0.08333333333333333
k/n,10.0,0.08333333333333333
k/n,10.277777777777777,0.08333333333333333
k/n,10.555555555555555,0.08333333333333333
k/n,10.833333333333334,0.08333333333333333
k/n,11.11111111111111,0.08333333333333333
k/n,11.38888888888889,0.08333333333333333
k/n,11.666666666666666,0.08333333333333333
k/n,11.944444444444445,0.08333333333333333
k/n,12.222222222222221,0.08333333333333333
k/n,12.5,0.08333333333333333
k/n,12.777777777777777,0.08333333333333333
k/n,13.055555555555557,0.08333333333333333
k/n,13.333333333333334,0.08333333333333333
k/n,13.61111111111111,0.08333333333333333
k/n,13.88888888888889,0.08333333333333333
k/n,14.166666666666666,0.08333333333333333
k/n,14.444444444444443,0.08333333333333333
k/n,14.722222222222223,0.08333333333333333
k/n,15.0,0.08333333333333333
k/n,15.277777777777779,0.08333333333333333
k/n,15.555555555555555,0.08333333333333333
k/n,15.833333333333332,0.08333333333333333
k/n,16.11111111111111,0.08333333333333333
k/n,16.38888888888889,0.08333333333333333
k/n,16.666666666666664,0.08333333333333333
k/n,16.944444444444446,0.08333333333333333
k/n,17.22222222222222,0.08333333333333333
k/n,17.5,0.08333333333333333
k/n,17.77777777777778,0.08333333333333333
k/n,18.055555555555554,0.08333333333333333
k/n,18.333333333333332,0.08333333333333333
k/n,18.61111111111111,0.08333333333333333
k/n,18.88888888888889,0.08333333333333333
k/n,19.166666666666668,0.08333333333333333
k/n,19.444444444444446,0.08333333333333333
k/n,19.72222222222222,0.08333333333333333
k/n,20.0,0.08333333333333333
k/n,20.27777777777778,0.08333333333333333
k/n,20.555555555555554,0.08333333333333333
k/n,20.833333333333336,0.08333333333333333
k/n,21.11111111111111,0.08333333333333333
k/n,21.38888888888889,0.08333333333333333
k/n,21.666666666666668,0.08333333333333333
k/n,21.944444444444443,0.08333333333333333
k/n,22.22222222222222,0.08333333333333333
k/n,22.5,0.08333333333333333
k/n,22.77777777777778,0.08333333333333333
k/n,23.055555555555557,0.08333333333333333
k/n,23.333333333333332,0.08333333333333333
k/n,23.61111111111111,0.08333333333333333
k/n,23.88888888888889,0.08333333333333333
k/n,24.166666666666668,0.08333333333333333
k/n,24.444444444444443,0.08333333333333333
k/n,24.72222222222222,0.08333333333333333
k/n,25.0,0.08333333333333333
k/n,25.27777777777778,0.08333333333333333
k/n,25.555555555555554,0.08333333333333333
k/n,25.833333333333336,0.08333333333333333
k/n,26.111111111111114,0.08333333333333333
k/n,26.38888888888889,0.08333333333333333
k/n,26.666666666666668,0.08333333333333333
k/n,26.944444444444443,0.08333333333333333
k/n,27.22222222222222,0.08333333333333333
k/n,27.500000000000004,0.08333333333333333
k/n,27.77777777777778,0.08333333333333333
k/n,28.055555555555557,0.08333333333333333
k/n,28.333333333333332,0.08333333333333333
k/n,28.61111111111111,0.08333333333333333
k/n,28.888888888888886,0.08333333333333333
k/n,29.166666666666668,0.08333333333333333
k/n,29.444444444444446,0.08333333333333333
k/n,29.72222222222222,0.08333333333333333
k/n,30.0,0.08333333333333333
k/n,30.277777777777775,0.08333333333333333
k/n,30.555555555555557,0.08333333333333333
k/n,30.833333333333336,0.08333333333333333
k/n,31.11111111111111,0.08333333333333333
k/n,31.38888888888889,0.08333333333333333
k/n,31.666666666666664,0.08333333333333333
k/n,31.944444444444443,0.08333333333333333
k/n,32.22222222222222,0.08333333333333333
k/n,32.5,0.08333333333333333
k/n,32.77777777777778,0.08333333333333333
k/n,33.05555555555556,0.08333333333333333
k/n,33.33333333333333,0.08333333333333333
k/n,33.611111111111114,0.08333333333333333
k/n,33.88888888888889,0.08333333333333333
k/n,34.166666666666664,0.08333333333333333
k/n,34.44444444444444,0.08333333333333333
k/n,34.72222222222222,0.08333333333333333
k/n,35.0,0.08333333333333333
k/n,35.27777777777778,0.08333333333333333
k/n,35.55555555555556,0.08333333333333333
k/n,35.833333333333336,0.08333333333333333
k/n,36.11111111111111,0.08333333333333333
k/n,36.388888888888886,0.08333333333333333
k/n,36.666666666666664,0.08333333333333333
k/n,36.94444444444444,0.08333333333333333
k/n,37.22222222222222,0.08333333333333333
k/n,37.5,0.08333333333333333
k/n,37.77777777777778,0.08333333333333333
k/n,38.05555555555556,0.08333333333333333
k/n,38.333333333333336,0.08333333333333333
k/n,38.611111111111114,0.08333333333333333
k/n,38.88888888888889,0.08333333333333333
k/n,39.166666666666664,0.08333333333333333
k/n,39.44444444444444,0.08333333333333333
k/n,39.72222222222222,0.08333333333333333
k/n,40.0,0.08333333333333333
k/n,40.27777777777778,0.08333333333333333
k/n,40.55555555555556,0.08333333333333333
k/n,40.833333333333336,0.08333333333333333
k/n,41.11111111111111,0.08333333333333333
k/n,41.388888888888886,0.08333333333333333
k/n,41.66666666666667,0.08333333333333333
k/n,41.94444444444444,0.08333333333333333
k/n,42.22222222222222,0.08333333333333333
k/n,42.5,0.08333333333333333
k/n,42.77777777777778,0.08333333333333333
k/n,43.05555555555556,0.08333333333333333
k/n,43.333333333333336,0.08333333333333333
k/n,43.611111111111114,0.08333333333333333
k/n,43.888888888888886,0.08333333333333333
k/n,44.166666666666664,0.08333333333333333
k/n,44.44444444444444,0.08333333333333333
k/n,44.72222222222222,0.08333333333333333
k/n,45.0,0.08333333333333333
k/n,45.27777777777778,0.08333333333333333
k/n,45.55555555555556,0.08333333333333333
k/n,45.83333333333333,0.08333333333333333
k/n,46.111111111111114,0.08333333333333333
k/n,46.38888888888889,0.08333333333333333
k/n,46.666666666666664,0.08333333333333333
k/n,46.94444444444444,0.08333333333333333
k/n,47.22222222222222,0.08333333333333333
k/n,47.5,0.08333333333333333
k/n,47.77777777777778,0.08333333333333333
k/n,48.05555555555556,0.08333333333333333
k/n,48.333333333333336,0.08333333333333333
k/n,48.61111111111111,0.08333333333333333
k/n,48.888888888888886,0.08333333333333333
k/n,49.166666666666664,0.08333333333333333
k/n,49.44444444444444,0.08333333333333333
k/n,49.72222222222222,0.08333333333333333
k/n,50.0,0.08333333333333333
k/n,50.27777777777778,0.08333333333333333
k/n,50.55555555555556,0.08333333333333333
k/n,50.83333333333333,0.08333333333333333
k/n,51.11111111111111,0.08333333333333333
k/n,51.388888888888886,0.08333333333333333
k/n,51.66666666666667,0.08333333333333333
k/n,51.94444444444445,0.08333333333333333
k/n,52.22222222222223,0.08333333333333333
k/n,52.5,0.08333333333333333
k/n,52.77777777777778,0.08333333333333333
k/n,53.05555555555556,0.08333333333333333
k/n,53.333333333333336,0.08333333333333333
k/n,53.61111111111111,0.08333333333333333
k/n,53.888888888888886,0.08333333333333333
k/n,54.166666666666664,0.08333333333333333
k/n,54.44444444444444,0.08333333333333333
k/n,54.72222222222223,0.08333333333333333
k/n,55.00000000000001,0.08333333333333333
k/n,55.27777777777778,0.08333333333333333
k/n,55.55555555555556,0.08333333333333333
k/n,55.833333333333336,0.08333333333333333
k/n,56.111111111111114,0.08333333333333333
k/n,56.388888888888886,0.08333333333333333
k/n,56.666666666666664,0.08333333333333333
k/n,56.94444444444444,0.08333333333333333
k/n,57.22222222222222,0.08333333333333333
k/n,57.49999999999999,0.08333333333333333
k/n,57.77777777777777,0.08333333333333333
k/n,58.05555555555556,0.08333333333333333
k/n,58.333333333333336,0.08333333333333333
k/n,58.611111111111114,0.08333333333333333
k/n,58.88888888888889,0.08333333333333333
k/n,59.166666666666664,0.08333333333333333
k/n,59.44444444444444,0.08333333333333333
k/n,59.72222222222222,0.08333333333333333
k/n,60.0,0.08333333333333333
k/n,60.27777777777777,0.08333333333333333
k/n,60.55555555555555,0.08333333333333333
k/n,60.83333333333333,0.08333333333333333
k/n,61.111111111111114,0.08333333333333333
k/n,61.38888888888889,0.08333333333333333
k/n,61.66666666666667,0.08333333333333333
k/n,61.94444444444444,0.08333333333333333
k/n,62.22222222222222,0.08333333333333333
k/n,62.5,0.08333333333333333
k/n,62.77777777777778,0.08333333333333333
k/n,63.05555555555556,0.08333333333333333
k/n,63.33333333333333,0.08333333333333333
k/n,63.61111111111111,0.08333333333333333
k/n,63.888888888888886,0.08333333333333333
k/n,64.16666666666667,0.08333333333333333
k/n,64.44444444444444,0.08333333333333333
k/n,64.72222222222223,0.08333333333333333
k/n,65.0,0.08333333333333333
k/n,65.27777777777779,0.08333333333333333
k/n,65.55555555555556,0.08333333333333333
k/n,65.83333333333333,0.08333333333333333
k/n,66.11111111111111,0.08333333333333333
k/n,66.38888888888889,0.08333333333333333
k/n,66.66666666666666,0.08333333333333333
k/n,66.94444444444444,0.08333333333333333
k/n,67.22222222222223,0.08333333333333333
k/n,67.5,0.08333333333333333
k/n,67.77777777777779,0.08333333333333333
k/n,68.05555555555556,0.08333333333333333
k/n,68.33333333333333,0.08333333333333333
k/n,68.61111111111111,0.08333333333333333
k/n,68.88888888888889,0.08333333333333333
k/n,69.16666666666667,0.08333333333333333
k/n,69.44444444444444,0.08333333333333333
k/n,69.72222222222221,0.08333333333333333
k/n,70.0,0.08333333333333333
k/n,70.27777777777777,0.08333333333333333
k/n,70.55555555555556,0.08333333333333333
k/n,70.83333333333334,0.08333333333333333
k/n,71.11111111111111,0.08333333333333333
k/n,71.38888888888889,0.08333333333333333
k/n,71.66666666666667,0.08333333333333333
k/n,71.94444444444444,0.08333333333333333
k/n,72.22222222222221,0.08333333333333333
k/n,72.5,0.08333333333333333
k/n,72.77777777777777,0.08333333333333333
k/n,73.05555555555556,0.08333333333333333
k/n,73.33333333333333,0.08333333333333333
k/n,73.61111111111111,0.08333333333333333
k/n,73.88888888888889,0.08333333333333333
k/n,74.16666666666667,0.08333333333333333
k/n,74.44444444444444,0.08333333333333333
k/n,74.72222222222223,0.08333333333333333
k/n,75.0,0.08333333333333333
k/n,75.27777777777777,0.08333333333333333
k/n,75.55555555555556,0.08333333333333333
k/n,75.83333333333333,0.08333333333333333
k/n,76.11111111111111,0.08333333333333333
k/n,76.38888888888889,0.08333333333333333
k/n,76.66666666666667,0.08333333333333333
k/n,76.94444444444444,0.08333333333333333
k/n,77.22222222222223,0.08333333333333333
k/n,77.5,0.08333333333333333
k/n,77.77777777777779,0.08333333333333333
k/n,78.05555555555556,0.08333333333333333
k/n,78.33333333333333,0.08333333333333333
k/n,78.61111111111111,0.08333333333333333
k/n,78.88888888888889,0.08333333333333333
k/n,79.16666666666666,0.08333333333333333
k/n,79.44444444444444,0.08333333333333333
k/n,79.72222222222223,0.08333333333333333
k/n,80.0,0.08333333333333333
k/n,80.27777777777779,0.08333333333333333
k/n,80.55555555555556,0.08333333333333333
k/n,80.83333333333333,0.08333333333333333
k/n,81.11111111111111,0.08333333333333333
k/n,81.38888888888889,0.08333333333333333
k/n,81.66666666666667,0.08333333333333333
k/n,81.94444444444444,0.08333333333333333
k/n,82.22222222222221,0.08333333333333333
k/n,82.5,0.08333333333333333
k/n,82.77777777777777,0.08333333333333333
k/n,83.05555555555556,0.08333333333333333
k/n,83.33333333333334,0.08333333333333333
k/n,83.61111111111111,0.08333333333333333
k/n,83.88888888888889,0.08333333333333333
k/n,84.16666666666667,0.08333333333333333
k/n,84.44444444444444,0.08333333333333333
k/n,84.72222222222221,0.08333333333333333
k/n,85.0,0.08333333333333333
k/n,85.27777777777777,0.08333333333333333
k/n,85.55555555555556,0.08333333333333333
k/n,85.83333333333333,0.08333333333333333
k/n,86.11111111111111,0.08333333333333333
k/n,86.38888888888889,0.08333333333333333
k/n,86.66666666666667,0.08333333333333333
k/n,86.94444444444444,0.08333333333333333
k/n,87.22222222222223,0.08333333333333333
k/n,87.5,0.08333333333333333
k/n,87.77777777777777,0.08333333333333333
k/n,88.05555555555556,0.08333333333333333
k/n,88.33333333333333,0.08333333333333333
k/n,88.61111111111111,0.08333333333333333
k/n,88.88888888888889,0.08333333333333333
k/n,89.16666666666667,0.08333333333333333
k/n,89.44444444444444,0.08333333333333333
k/n,89.72222222222223,0.08333333333333333
k/n,90.0,0.08333333333333333
k/n,90.27777777777779,0.08333333333333333
k/n,90.55555555555556,0.08333333333333333
k/n,90.83333333333333,0.08333333333333333
k/n,91.11111111111111,0.08333333333333333
k/n,91.38888888888889,0.08333333333333333
k/n,91.66666666666666,0.08333333333333333
k/n,91.94444444444444,0.08333333333333333
k/n,92.22222222222223,0.08333333333333333
k/n,92.5,0.08333333333333333
k/n,92.77777777777779,0.08333333333333333
k/n,93.05555555555556,0.08333333333333333
k/n,93.33333333333333,0.08333333333333333
k/n,93.61111111111111,0.08333333333333333
k/n,93.88888888888889,0.08333333333333333
k/n,94.16666666666667,0.08333333333333333
k/n,94.44444444444444,0.08333333333333333
k/n,94.72222222222221,0.08333333333333333
k/n,95.0,0.08333333333333333
k/n,95.27777777777777,0.08333333333333333
k/n,95.55555555555556,0.08333333333333333
k/n,95.83333333333334,0.08333333333333333
k/n,96.11111111111111,0.08333333333333333
k/n,96.38888888888889,0.08333333333333333
k/n,96.66666666666667,0.08333333333333333
k/n,96.94444444444444,0.08333333333333333
k/n,97.22222222222221,0.08333333333333333
k/n,97.5,0.08333333333333333
k/n,97.77777777777777,0.08333333333333333
k/n,98.05555555555556,0.08333333333333333
k/n,98.33333333333333,0.08333333333333333
k/n,98.61111111111111,0.08333333333333333
k/n,98.88888888888889,0.08333333333333333
k/n,99.16666666666667,0.08333333333333333
k/n,99.44444444444444,0.08333333333333333
k/n,99.72222222222223,0.08333333333333333
